Date,ExpiryDate,PnL
2021-06-04,2021-06-10,558.0
2021-06-07,2021-06-10,104.25
2021-06-08,2021-06-10,59.25
2021-06-09,2021-06-10,18.000000000000057
2021-06-10,2021-06-10,130.5
2021-06-11,2021-06-17,209.25
2021-06-14,2021-06-17,273.0
2021-06-15,2021-06-17,134.25
2021-06-16,2021-06-17,44.25
2021-06-17,2021-06-17,160.5
2021-06-18,2021-06-24,145.5
2021-06-21,2021-06-24,621.75
2021-06-22,2021-06-24,104.25
2021-06-23,2021-06-24,96.75
2021-06-24,2021-06-24,119.25
2021-06-25,2021-07-01,756.75
2021-06-28,2021-07-01,100.50000000000006
2021-06-29,2021-07-01,198.00000000000006
2021-06-30,2021-07-01,78.0
2021-07-01,2021-07-01,81.75
2021-07-02,2021-07-08,325.5
2021-07-05,2021-07-08,70.5
2021-07-06,2021-07-08,33.0
2021-07-07,2021-07-08,93.0
2021-07-08,2021-07-08,96.75
2021-07-09,2021-07-15,681.75
2021-07-12,2021-07-15,160.5
2021-07-13,2021-07-15,111.74999999999994
2021-07-14,2021-07-15,100.5
2021-07-15,2021-07-15,104.25
2021-07-16,2021-07-22,138.0
2021-07-19,2021-07-22,96.75
2021-07-20,2021-07-22,33.0
2021-07-22,2021-07-22,145.5
2021-07-23,2021-07-29,36.75
2021-07-26,2021-07-29,77.99999999999994
2021-07-27,2021-07-29,29.25
2021-07-28,2021-07-29,74.25
2021-07-29,2021-07-29,149.25
2021-07-30,2021-08-05,363.0
2021-08-02,2021-08-05,33.0
2021-08-03,2021-08-05,-259.5
2021-08-04,2021-08-05,370.5
2021-08-05,2021-08-05,168.0
2021-08-06,2021-08-12,355.5000000000002
2021-08-09,2021-08-12,89.25
2021-08-10,2021-08-12,123.0
2021-08-11,2021-08-12,126.75
2021-08-12,2021-08-12,130.5
2021-08-13,2021-08-18,-128.25
2021-08-16,2021-08-18,276.75
2021-08-17,2021-08-18,141.75000000000006
2021-08-18,2021-08-18,153.0
2021-08-20,2021-08-26,460.5
2021-08-23,2021-08-26,194.25
2021-08-24,2021-08-26,123.00000000000006
2021-08-25,2021-08-26,164.25
2021-08-26,2021-08-26,96.75
2021-08-27,2021-09-02,141.75
2021-08-30,2021-09-02,-15.75
2021-08-31,2021-09-02,-87.0
2021-09-01,2021-09-02,329.25
2021-09-02,2021-09-02,179.25
2021-09-03,2021-09-09,400.5
2021-09-06,2021-09-09,374.25
2021-09-07,2021-09-09,243.0
2021-09-08,2021-09-09,164.25
2021-09-09,2021-09-09,130.5
2021-09-13,2021-09-16,310.5
2021-09-14,2021-09-16,70.5
2021-09-15,2021-09-16,36.75
2021-09-16,2021-09-16,108.0
2021-09-17,2021-09-23,-225.75
2021-09-20,2021-09-23,-1032.0
2021-09-21,2021-09-23,1158.0
2021-09-22,2021-09-23,220.5
2021-09-23,2021-09-23,141.75
2021-09-24,2021-09-30,486.75
2021-09-27,2021-09-30,130.5
2021-09-28,2021-09-30,40.5
2021-09-29,2021-09-30,434.25
2021-09-30,2021-09-30,190.5
2021-10-01,2021-10-07,1654.395
2021-10-04,2021-10-07,329.25
2021-10-05,2021-10-07,261.75
2021-10-06,2021-10-07,-120.75
2021-10-07,2021-10-07,145.5
2021-10-08,2021-10-14,550.5
2021-10-11,2021-10-14,21.75
2021-10-12,2021-10-14,205.5
2021-10-13,2021-10-14,74.25
2021-10-14,2021-10-14,156.75
2021-10-18,2021-10-21,-113.25
2021-10-19,2021-10-21,-465.75
2021-10-20,2021-10-21,490.5
2021-10-21,2021-10-21,156.75000000000003
2021-10-22,2021-10-28,-75.75
2021-10-25,2021-10-28,906.75
2021-10-26,2021-10-28,546.75
2021-10-27,2021-10-28,201.75
2021-10-28,2021-10-28,213.0
2021-10-29,2021-11-03,3373.4775
2021-11-01,2021-11-03,89.25
2021-11-02,2021-11-03,141.75
2021-11-03,2021-11-03,164.25
2021-11-08,2021-11-11,-72.0
2021-11-09,2021-11-11,284.24999999999994
2021-11-10,2021-11-11,273.0
2021-11-11,2021-11-11,141.75
2021-11-12,2021-11-18,190.50000000000023
2021-11-15,2021-11-18,-27.0
2021-11-16,2021-11-18,216.75
2021-11-17,2021-11-18,126.75
2021-11-18,2021-11-18,149.25
2021-11-22,2021-11-25,-810.75
2021-11-23,2021-11-25,858.0
2021-11-24,2021-11-25,171.75
2021-11-25,2021-11-25,209.25
2021-11-26,2021-12-02,-4393.139999999999
2021-11-29,2021-12-02,2962.1512500000003
2021-11-30,2021-12-02,-864.3000000000002
2021-12-01,2021-12-02,711.75
2021-12-02,2021-12-02,284.25
2021-12-03,2021-12-09,-1903.8449999999998
2021-12-06,2021-12-09,-1510.83
2021-12-07,2021-12-09,340.5
2021-12-08,2021-12-09,213.0
2021-12-09,2021-12-09,149.25
2021-12-10,2021-12-16,636.75
2021-12-13,2021-12-16,-777.0
2021-12-14,2021-12-16,509.25
2021-12-15,2021-12-16,126.74999999999994
2021-12-16,2021-12-16,119.25
2021-12-17,2021-12-23,-1336.755
2021-12-20,2021-12-23,353.2687500000002
2021-12-21,2021-12-23,1128.0
2021-12-22,2021-12-23,239.25
2021-12-23,2021-12-23,145.5
2021-12-24,2021-12-30,-219.7762499999999
2021-12-27,2021-12-30,-334.5
2021-12-28,2021-12-30,475.5
2021-12-29,2021-12-30,183.0
2021-12-30,2021-12-30,93.0
2021-12-31,2022-01-06,816.75
2022-01-03,2022-01-06,-308.25
2022-01-04,2022-01-06,250.5
2022-01-05,2022-01-06,153.0
2022-01-06,2022-01-06,126.75
2022-01-07,2022-01-13,415.5
2022-01-10,2022-01-13,216.75
2022-01-11,2022-01-13,325.5
2022-01-12,2022-01-13,81.75
2022-01-13,2022-01-13,93.0
2022-01-14,2022-01-20,434.2500000000002
2022-01-17,2022-01-20,216.75
2022-01-18,2022-01-20,-739.5
2022-01-19,2022-01-20,66.75
2022-01-20,2022-01-20,85.5
2022-01-21,2022-01-27,1625.7824999999998
2022-01-24,2022-01-27,-5114.63625
2022-01-25,2022-01-27,1955.65875
2022-01-27,2022-01-27,411.75000000000006
2022-01-28,2022-02-03,255.3487499999992
2022-01-31,2022-02-03,-232.2787499999995
2022-02-01,2022-02-03,5915.49
2022-02-02,2022-02-03,355.5
2022-02-03,2022-02-03,93.0
2022-02-04,2022-02-10,877.8600000000001
2022-02-07,2022-02-10,-3534.79875
2022-02-08,2022-02-10,963.0
2022-02-09,2022-02-10,389.25
2022-02-10,2022-02-10,100.5
2022-02-11,2022-02-17,283.2225000000003
2022-02-14,2022-02-17,353.3099999999995
2022-02-15,2022-02-17,-3364.785
2022-02-16,2022-02-17,393.0
2022-02-17,2022-02-17,179.25000000000003
2022-02-18,2022-02-24,2401.5150000000012
2022-02-21,2022-02-24,2142.6187499999996
2022-02-22,2022-02-24,1909.78125
2022-02-23,2022-02-24,239.25
2022-02-24,2022-02-24,933.0
2022-02-25,2022-03-03,1375.3462500000005
2022-02-28,2022-03-03,-4449.577499999999
2022-03-02,2022-03-03,3576.7687499999997
2022-03-03,2022-03-03,336.75
2022-03-04,2022-03-10,2689.0912499999995
2022-03-07,2022-03-10,363.7574999999997
2022-03-08,2022-03-10,1448.085
2022-03-09,2022-03-10,200.9437499999999
2022-03-10,2022-03-10,389.25
2022-03-11,2022-03-17,667.6087500000012
2022-03-14,2022-03-17,-1074.9450000000006
2022-03-15,2022-03-17,-1060.2037500000006
2022-03-16,2022-03-17,269.25
2022-03-17,2022-03-17,224.25
2022-03-21,2022-03-24,-1354.0349999999999
2022-03-22,2022-03-24,725.9512500000001
2022-03-23,2022-03-24,-263.2500000000002
2022-03-24,2022-03-24,198.00000000000003
2022-03-25,2022-03-31,1814.9024999999992
2022-03-28,2022-03-31,1162.34625
2022-03-29,2022-03-31,546.75
2022-03-30,2022-03-31,254.25
2022-03-31,2022-03-31,111.75
2022-04-01,2022-04-07,1244.475
2022-04-04,2022-04-07,40.5
2022-04-05,2022-04-07,389.25
2022-04-06,2022-04-07,273.0
2022-04-07,2022-04-07,93.0
2022-04-08,2022-04-13,599.2237499999999
2022-04-11,2022-04-13,453.0
2022-04-12,2022-04-13,179.25000000000006
2022-04-13,2022-04-13,63.0
2022-04-18,2022-04-21,1299.6862500000002
2022-04-19,2022-04-21,-2309.23125
2022-04-20,2022-04-21,471.75
2022-04-21,2022-04-21,96.75
2022-04-22,2022-04-28,535.5862499999998
2022-04-25,2022-04-28,355.09124999999995
2022-04-26,2022-04-28,471.75
2022-04-27,2022-04-28,198.0
2022-04-28,2022-04-28,104.25
2022-04-29,2022-05-05,-2868.5062500000004
2022-05-02,2022-05-05,1198.32375
2022-05-04,2022-05-05,-2857.5525
2022-05-05,2022-05-05,186.75
2022-05-06,2022-05-12,1066.1400000000003
2022-05-09,2022-05-12,1243.4025000000001
2022-05-10,2022-05-12,839.25
2022-05-11,2022-05-12,130.5
2022-05-12,2022-05-12,209.25
2022-05-13,2022-05-19,-197.0550000000003
2022-05-16,2022-05-19,1328.65125
2022-05-17,2022-05-19,-1037.5425
2022-05-18,2022-05-19,325.5
2022-05-19,2022-05-19,370.5
2022-05-20,2022-05-26,759.65625
2022-05-23,2022-05-26,1042.4850000000001
2022-05-24,2022-05-26,178.35374999999976
2022-05-25,2022-05-26,-315.75
2022-05-26,2022-05-26,141.75000000000003
2022-05-27,2022-06-02,1319.872499999999
2022-05-30,2022-06-02,471.75
2022-05-31,2022-06-02,276.75
2022-06-01,2022-06-02,392.99999999999994
2022-06-02,2022-06-02,138.0
2022-06-03,2022-06-09,-487.96875
2022-06-06,2022-06-09,614.25
2022-06-07,2022-06-09,378.0
2022-06-08,2022-06-09,441.75
2022-06-09,2022-06-09,111.75
2022-06-10,2022-06-16,-571.1025
2022-06-13,2022-06-16,208.1812500000001
2022-06-14,2022-06-16,733.70625
2022-06-15,2022-06-16,243.0
2022-06-16,2022-06-16,-4.5
2022-06-17,2022-06-23,1566.1762499999995
2022-06-20,2022-06-23,1988.6100000000006
2022-06-21,2022-06-23,288.0
2022-06-22,2022-06-23,228.0
2022-06-23,2022-06-23,228.0
2022-06-24,2022-06-30,1348.3650000000002
2022-06-27,2022-06-30,490.5
2022-06-28,2022-06-30,685.5
2022-06-29,2022-06-30,303.00000000000006
2022-06-30,2022-06-30,160.5
2022-07-01,2022-07-07,1400.7974999999997
2022-07-04,2022-07-07,1044.6525000000001
2022-07-05,2022-07-07,10.5
2022-07-06,2022-07-07,115.5
2022-07-07,2022-07-07,149.25
2022-07-08,2022-07-14,633.0
2022-07-11,2022-07-14,516.75
2022-07-12,2022-07-14,-4.5
2022-07-13,2022-07-14,-42.0
2022-07-14,2022-07-14,89.25
2022-07-15,2022-07-21,261.75
2022-07-18,2022-07-21,108.0
2022-07-19,2022-07-21,164.25
2022-07-20,2022-07-21,123.0
2022-07-21,2022-07-21,85.50000000000001
2022-07-22,2022-07-28,115.5
2022-07-25,2022-07-28,246.75
2022-07-26,2022-07-28,126.75
2022-07-27,2022-07-28,-102.0
2022-07-28,2022-07-28,100.5
2022-07-29,2022-08-04,374.25
2022-08-01,2022-08-04,220.5
2022-08-02,2022-08-04,186.75
2022-08-03,2022-08-04,269.24999999999994
2022-08-04,2022-08-04,141.75
2022-08-05,2022-08-11,1135.7662500000001
2022-08-08,2022-08-11,250.5
2022-08-10,2022-08-11,205.5
2022-08-11,2022-08-11,126.75
2022-08-12,2022-08-18,216.75
2022-08-16,2022-08-18,126.74999999999994
2022-08-17,2022-08-18,36.75
2022-08-18,2022-08-18,104.25000000000001
2022-08-19,2022-08-25,-1421.9699999999998
2022-08-22,2022-08-25,-244.5
2022-08-23,2022-08-25,258.0
2022-08-24,2022-08-25,141.74999999999994
2022-08-25,2022-08-25,96.75
2022-08-26,2022-09-01,-165.75
2022-08-29,2022-09-01,561.75
2022-08-30,2022-09-01,-837.0
2022-09-01,2022-09-01,168.0
2022-09-02,2022-09-08,233.53500000000076
2022-09-05,2022-09-08,509.25
2022-09-06,2022-09-08,44.25
2022-09-07,2022-09-08,291.75
2022-09-08,2022-09-08,123.0
2022-09-09,2022-09-15,-165.75
2022-09-12,2022-09-15,171.75
2022-09-13,2022-09-15,153.0
2022-09-14,2022-09-15,258.0
2022-09-15,2022-09-15,149.25
2022-09-16,2022-09-22,-1897.2712500000007
2022-09-19,2022-09-22,1017.5925000000002
2022-09-20,2022-09-22,321.75
2022-09-21,2022-09-22,-222.0
2022-09-22,2022-09-22,145.5
2022-09-23,2022-09-29,-2197.335
2022-09-26,2022-09-29,604.7999999999997
2022-09-27,2022-09-29,539.25
2022-09-28,2022-09-29,625.5
2022-09-29,2022-09-29,138.0
2022-09-30,2022-10-06,131.79374999999982
2022-10-03,2022-10-06,-246.46500000000015
2022-10-04,2022-10-06,445.5
2022-10-06,2022-10-06,145.5
2022-10-07,2022-10-13,741.1500000000001
2022-10-10,2022-10-13,100.5
2022-10-11,2022-10-13,-859.5
2022-10-12,2022-10-13,321.75
2022-10-13,2022-10-13,111.75
2022-10-14,2022-10-20,5.5612500000002
2022-10-17,2022-10-20,-165.75
2022-10-18,2022-10-20,430.5
2022-10-19,2022-10-20,130.5
2022-10-20,2022-10-20,119.25
2022-10-21,2022-10-27,126.75
2022-10-25,2022-10-27,145.5
2022-10-27,2022-10-27,89.25
2022-10-28,2022-11-03,276.75
2022-10-31,2022-11-03,126.75
2022-11-01,2022-11-03,111.75
2022-11-02,2022-11-03,66.75
2022-11-03,2022-11-03,77.99999999999999
2022-11-04,2022-11-10,190.5
2022-11-07,2022-11-10,194.25
2022-11-09,2022-11-10,96.75
2022-11-10,2022-11-10,81.75
2022-11-11,2022-11-17,123.0
2022-11-14,2022-11-17,96.74999999999994
2022-11-15,2022-11-17,21.75
2022-11-16,2022-11-17,85.5
2022-11-17,2022-11-17,74.25
2022-11-18,2022-11-24,63.0
2022-11-21,2022-11-24,44.25
2022-11-22,2022-11-24,78.0
2022-11-23,2022-11-24,21.75
2022-11-24,2022-11-24,66.75000000000001
2022-11-25,2022-12-01,48.000000000000114
2022-11-28,2022-12-01,40.5
2022-11-29,2022-12-01,115.5
2022-11-30,2022-12-01,29.25
2022-12-01,2022-12-01,108.0
2022-12-02,2022-12-08,108.0
2022-12-05,2022-12-08,107.99999999999994
2022-12-06,2022-12-08,153.0
2022-12-07,2022-12-08,104.25
2022-12-08,2022-12-08,104.25000000000001
2022-12-09,2022-12-15,-282.0
2022-12-12,2022-12-15,70.5
2022-12-13,2022-12-15,85.5
2022-12-14,2022-12-15,74.25
2022-12-15,2022-12-15,89.25000000000001
2022-12-16,2022-12-22,-38.25
2022-12-19,2022-12-22,164.25
2022-12-20,2022-12-22,81.75
2022-12-21,2022-12-22,-248.25
2022-12-22,2022-12-22,198.0
2022-12-23,2022-12-29,164.25
2022-12-26,2022-12-29,723.0
2022-12-27,2022-12-29,205.5
2022-12-28,2022-12-29,209.25
2022-12-29,2022-12-29,123.0
2022-12-30,2023-01-05,-188.25
2023-01-02,2023-01-05,258.0
2023-01-03,2023-01-05,115.5
2023-01-04,2023-01-05,-0.75
2023-01-05,2023-01-05,119.25
2023-01-06,2023-01-12,-8.25
2023-01-09,2023-01-12,126.75
2023-01-10,2023-01-12,14.25
2023-01-11,2023-01-12,265.5
2023-01-12,2023-01-12,134.25
2023-01-13,2023-01-19,546.75
2023-01-16,2023-01-19,153.0
2023-01-17,2023-01-19,164.25
2023-01-18,2023-01-19,66.75
2023-01-19,2023-01-19,134.25
2023-01-20,2023-01-25,51.75
2023-01-23,2023-01-25,111.75000000000006
2023-01-24,2023-01-25,111.74999999999999
2023-01-25,2023-01-25,96.74999999999999
2023-01-27,2023-02-02,-85.82249999999931
2023-01-30,2023-02-02,2600.9775
2023-01-31,2023-02-02,1160.565
2023-02-01,2023-02-02,1064.25
2023-02-02,2023-02-02,385.5
2023-02-03,2023-02-09,254.25
2023-02-06,2023-02-09,321.75
2023-02-07,2023-02-09,220.5
2023-02-08,2023-02-09,66.75
2023-02-09,2023-02-09,104.25
2023-02-10,2023-02-16,239.25
2023-02-13,2023-02-16,-4.5
2023-02-14,2023-02-16,66.75
2023-02-15,2023-02-16,25.5
2023-02-16,2023-02-16,123.0
2023-02-17,2023-02-23,48.0
2023-02-20,2023-02-23,-135.75
2023-02-21,2023-02-23,205.49999999999997
2023-02-22,2023-02-23,-72.0
2023-02-23,2023-02-23,205.5
2023-02-24,2023-03-02,-113.25
2023-02-27,2023-03-02,228.0
2023-02-28,2023-03-02,224.25
2023-03-01,2023-03-02,138.0
2023-03-02,2023-03-02,78.0
2023-03-03,2023-03-09,149.25
2023-03-06,2023-03-09,201.74999999999997
2023-03-08,2023-03-09,126.75
2023-03-09,2023-03-09,81.75
2023-03-10,2023-03-16,366.75
2023-03-13,2023-03-16,-3323.9475
2023-03-14,2023-03-16,1068.0
2023-03-15,2023-03-16,-30.750000000000057
2023-03-16,2023-03-16,179.25
2023-03-17,2023-03-23,715.5
2023-03-20,2023-03-23,438.0
2023-03-21,2023-03-23,393.0
2023-03-22,2023-03-23,100.5
2023-03-23,2023-03-23,104.25
2023-03-24,2023-03-29,-615.75
2023-03-27,2023-03-29,325.5
2023-03-28,2023-03-29,145.5
2023-03-29,2023-03-29,66.75
2023-03-31,2023-04-06,254.25
2023-04-03,2023-04-06,351.75
2023-04-05,2023-04-06,59.25
2023-04-06,2023-04-06,63.0
2023-04-10,2023-04-13,108.0
2023-04-11,2023-04-13,51.75
2023-04-12,2023-04-13,29.25
2023-04-13,2023-04-13,70.5
2023-04-17,2023-04-20,183.0
2023-04-18,2023-04-20,93.0
2023-04-19,2023-04-20,55.5
2023-04-20,2023-04-20,74.25
2023-04-21,2023-04-27,51.75
2023-04-24,2023-04-27,-4.5
2023-04-25,2023-04-27,44.25000000000003
2023-04-26,2023-04-27,36.75
2023-04-27,2023-04-27,70.50000000000001
2023-04-28,2023-05-04,115.5
2023-05-02,2023-05-04,74.25
2023-05-03,2023-05-04,74.25
2023-05-04,2023-05-04,70.5
2023-05-05,2023-05-11,-139.5
2023-05-08,2023-05-11,100.5
2023-05-09,2023-05-11,33.0
2023-05-10,2023-05-11,51.75000000000003
2023-05-11,2023-05-11,81.75
2023-05-12,2023-05-18,179.25
2023-05-15,2023-05-18,14.25
2023-05-16,2023-05-18,153.0
2023-05-17,2023-05-18,81.75
2023-05-18,2023-05-18,81.75
2023-05-19,2023-05-25,186.75
2023-05-22,2023-05-25,78.0
2023-05-23,2023-05-25,66.75
2023-05-24,2023-05-25,89.25000000000004
2023-05-25,2023-05-25,104.25
2023-05-26,2023-06-01,10.5
2023-05-29,2023-06-01,36.75
2023-05-30,2023-06-01,186.75000000000006
2023-05-31,2023-06-01,63.00000000000003
2023-06-01,2023-06-01,100.5
2023-06-02,2023-06-08,81.75
2023-06-05,2023-06-08,55.5
2023-06-06,2023-06-08,145.5
2023-06-07,2023-06-08,-26.99999999999997
2023-06-08,2023-06-08,100.5
2023-06-09,2023-06-15,14.250000000000057
2023-06-12,2023-06-15,74.25
2023-06-13,2023-06-15,119.25
2023-06-14,2023-06-15,48.0
2023-06-15,2023-06-15,115.5
2023-06-16,2023-06-22,55.5
2023-06-19,2023-06-22,70.5
2023-06-20,2023-06-22,126.75
2023-06-21,2023-06-22,48.0
2023-06-22,2023-06-22,119.25
2023-06-23,2023-06-29,190.5
2023-06-26,2023-06-29,96.75
2023-06-27,2023-06-29,89.25
2023-06-28,2023-06-28,96.75
2023-06-30,2023-07-06,93.0
2023-07-03,2023-07-06,-75.75
2023-07-04,2023-07-06,385.5
2023-07-05,2023-07-06,123.0
2023-07-06,2023-07-06,160.50000000000003
2023-07-07,2023-07-13,29.25
2023-07-10,2023-07-13,168.0
2023-07-11,2023-07-13,126.75
2023-07-12,2023-07-13,55.5
2023-07-13,2023-07-13,115.5
2023-07-14,2023-07-20,70.50000000000006
2023-07-17,2023-07-20,-109.5
2023-07-18,2023-07-20,325.5
2023-07-19,2023-07-20,40.5
2023-07-20,2023-07-20,138.0
2023-07-21,2023-07-27,228.0
2023-07-24,2023-07-27,205.5
2023-07-25,2023-07-27,220.49999999999997
2023-07-26,2023-07-27,63.0
2023-07-27,2023-07-27,108.00000000000001
2023-07-28,2023-08-03,183.0000000000001
2023-07-31,2023-08-03,111.75000000000006
2023-08-01,2023-08-03,153.0
2023-08-02,2023-08-03,21.75
2023-08-03,2023-08-03,141.75
2023-08-04,2023-08-10,141.75
2023-08-07,2023-08-10,85.50000000000006
2023-08-08,2023-08-10,51.75
2023-08-09,2023-08-10,55.5
2023-08-10,2023-08-10,93.0
2023-08-11,2023-08-17,179.25
2023-08-14,2023-08-17,231.75
2023-08-16,2023-08-17,25.5
2023-08-17,2023-08-17,96.75
2023-08-18,2023-08-24,63.0
2023-08-21,2023-08-24,-4.5
2023-08-22,2023-08-24,55.5
2023-08-23,2023-08-24,14.25
2023-08-24,2023-08-24,111.75
2023-08-25,2023-08-31,44.25
2023-08-28,2023-08-31,81.75000000000006
2023-08-29,2023-08-31,119.25
2023-08-30,2023-08-31,55.499999999999986
2023-08-31,2023-08-31,78.0
2023-09-01,2023-09-07,104.25000000000006
2023-09-04,2023-09-07,-0.75
2023-09-05,2023-09-07,74.25
2023-09-06,2023-09-07,111.75
2023-09-07,2023-09-07,36.75
2023-09-08,2023-09-14,-4.5
2023-09-11,2023-09-14,-75.74999999999994
2023-09-12,2023-09-14,123.0
2023-09-13,2023-09-14,291.75
2023-09-14,2023-09-14,66.75
2023-09-15,2023-09-21,119.25
2023-09-18,2023-09-21,141.75000000000006
2023-09-20,2023-09-21,138.0
2023-09-21,2023-09-21,78.0
2023-09-22,2023-09-28,59.25
2023-09-25,2023-09-28,246.75
2023-09-26,2023-09-28,126.74999999999997
2023-09-27,2023-09-28,63.0
2023-09-28,2023-09-28,96.75
2023-09-29,2023-10-05,299.25
2023-10-03,2023-10-05,96.75
2023-10-04,2023-10-05,153.0
2023-10-05,2023-10-05,44.25000000000001
2023-10-06,2023-10-12,92.99999999999994
2023-10-09,2023-10-12,81.75
2023-10-10,2023-10-12,-83.25
2023-10-11,2023-10-12,123.0
2023-10-12,2023-10-12,48.0
2023-10-13,2023-10-19,115.5
2023-10-16,2023-10-19,59.25
2023-10-17,2023-10-19,-15.75
2023-10-18,2023-10-19,89.25
2023-10-19,2023-10-19,55.5
2023-10-20,2023-10-26,66.75
2023-10-23,2023-10-26,-615.75
2023-10-25,2023-10-26,-8.25
2023-10-26,2023-10-26,194.25
2023-10-27,2023-11-02,415.5
2023-10-30,2023-11-02,126.75
2023-10-31,2023-11-02,93.0
2023-11-01,2023-11-02,201.75
2023-11-02,2023-11-02,59.25
2023-11-03,2023-11-09,55.5
2023-11-06,2023-11-09,55.5
2023-11-07,2023-11-09,70.5
2023-11-08,2023-11-09,89.25
2023-11-09,2023-11-09,25.5
2023-11-10,2023-11-16,51.75000000000006
2023-11-13,2023-11-16,108.0
2023-11-15,2023-11-16,93.00000000000003
2023-11-16,2023-11-16,29.249999999999993
2023-11-17,2023-11-23,-4.5
2023-11-20,2023-11-23,96.75
2023-11-21,2023-11-23,48.0
2023-11-22,2023-11-23,81.75
2023-11-23,2023-11-23,36.75
2023-11-24,2023-11-30,93.0
2023-11-28,2023-11-30,48.0
2023-11-29,2023-11-30,-42.0
2023-11-30,2023-11-30,96.74999999999999
2023-12-01,2023-12-07,-154.5
2023-12-04,2023-12-07,-282.0
2023-12-05,2023-12-07,220.5
2023-12-06,2023-12-07,302.99999999999994
2023-12-07,2023-12-07,55.5
2023-12-08,2023-12-14,89.25
2023-12-11,2023-12-14,111.75
2023-12-12,2023-12-14,33.0
2023-12-13,2023-12-14,96.74999999999999
2023-12-14,2023-12-14,44.25000000000001
2023-12-15,2023-12-21,-675.75
2023-12-18,2023-12-21,318.0
2023-12-19,2023-12-21,55.50000000000006
2023-12-20,2023-12-21,-1178.25
2023-12-21,2023-12-21,141.75
2023-12-22,2023-12-28,-57.0
2023-12-26,2023-12-28,336.75
2023-12-27,2023-12-28,44.25
2023-12-28,2023-12-28,179.25
2023-12-29,2024-01-04,715.5
2024-01-01,2024-01-04,164.25
2024-01-02,2024-01-04,14.250000000000057
2024-01-03,2024-01-04,205.5
2024-01-04,2024-01-04,48.0
2024-01-05,2024-01-11,145.5
2024-01-08,2024-01-11,-267.0
2024-01-09,2024-01-11,14.25
2024-01-10,2024-01-11,126.75
2024-01-11,2024-01-11,44.25
2024-01-12,2024-01-18,-327.0
2024-01-15,2024-01-18,183.0
2024-01-16,2024-01-18,235.5
2024-01-17,2024-01-18,171.75
2024-01-18,2024-01-18,111.75
2024-01-19,2024-01-25,261.75
2024-01-23,2024-01-25,-4094.55375
2024-01-24,2024-01-25,584.25
2024-01-25,2024-01-25,149.25
2024-01-29,2024-02-01,-779.7487500000002
2024-01-30,2024-02-01,328.9987500000002
2024-01-31,2024-02-01,-585.75
2024-02-01,2024-02-01,1038.0
2024-02-02,2024-02-08,310.5
2024-02-05,2024-02-08,18.0
2024-02-06,2024-02-08,501.75
2024-02-07,2024-02-08,303.0
2024-02-08,2024-02-08,59.25
2024-02-09,2024-02-15,996.7687500000002
2024-02-12,2024-02-15,-432.0
2024-02-13,2024-02-15,513.0
2024-02-14,2024-02-15,74.25
2024-02-15,2024-02-15,66.75
2024-02-16,2024-02-22,280.5
2024-02-19,2024-02-22,325.5
2024-02-20,2024-02-22,265.50000000000006
2024-02-21,2024-02-22,216.75
2024-02-22,2024-02-22,51.75
2024-02-23,2024-02-29,464.25
2024-02-26,2024-02-29,220.5
2024-02-27,2024-02-29,389.25
2024-02-28,2024-02-29,-300.75
2024-02-29,2024-02-29,126.75
2024-03-01,2024-03-07,-589.5
2024-03-04,2024-03-07,265.5
2024-03-05,2024-03-07,284.25
2024-03-06,2024-03-07,93.0
2024-03-07,2024-03-07,66.75
2024-03-11,2024-03-14,48.0
2024-03-12,2024-03-14,108.0
2024-03-13,2024-03-14,-634.5
2024-03-14,2024-03-14,89.25000000000001
2024-03-15,2024-03-21,348.0
2024-03-18,2024-03-21,501.75
2024-03-19,2024-03-21,149.25000000000006
2024-03-20,2024-03-21,160.5
2024-03-21,2024-03-21,44.25
2024-03-22,2024-03-28,194.2499999999999
2024-03-26,2024-03-28,231.75
2024-03-27,2024-03-28,85.5
2024-03-28,2024-03-28,40.5
2024-04-01,2024-04-04,325.5
2024-04-02,2024-04-04,153.0
2024-04-03,2024-04-04,96.75
2024-04-04,2024-04-04,40.5
2024-04-05,2024-04-10,483.0
2024-04-08,2024-04-10,96.75
2024-04-09,2024-04-10,25.5
2024-04-10,2024-04-10,59.249999999999986
2024-04-12,2024-04-18,-12.0
2024-04-15,2024-04-18,303.0
2024-04-16,2024-04-18,336.75
2024-04-18,2024-04-18,59.25
2024-04-19,2024-04-25,276.50999999999976
2024-04-22,2024-04-25,426.75
2024-04-23,2024-04-25,81.75
2024-04-24,2024-04-25,138.0
2024-04-25,2024-04-25,44.25
2024-04-26,2024-05-02,89.25
2024-04-29,2024-05-02,44.24999999999994
2024-04-30,2024-05-02,213.0
2024-05-02,2024-05-02,36.75
2024-05-03,2024-05-09,-1159.5
2024-05-06,2024-05-09,220.5
2024-05-07,2024-05-09,-105.75
2024-05-08,2024-05-09,239.25
2024-05-09,2024-05-09,44.25000000000001
2024-05-10,2024-05-16,1026.75
2024-05-13,2024-05-16,528.0
2024-05-14,2024-05-16,378.0
2024-05-15,2024-05-16,179.25
2024-05-16,2024-05-16,40.5
2024-05-17,2024-05-23,663.0000000000002
2024-05-21,2024-05-23,389.25
2024-05-22,2024-05-23,119.25
2024-05-23,2024-05-23,33.0
2024-05-24,2024-05-30,636.75
2024-05-27,2024-05-30,291.75
2024-05-28,2024-05-30,333.0
2024-05-29,2024-05-30,250.50000000000006
2024-05-30,2024-05-30,66.75
2024-06-07,2024-06-13,-1660.6987500000005
2024-06-10,2024-06-13,1167.9074999999998
2024-06-11,2024-06-13,711.75
2024-06-12,2024-06-13,201.75
2024-06-13,2024-06-13,48.0
2024-06-14,2024-06-20,333.0
2024-06-18,2024-06-20,183.0
2024-06-19,2024-06-20,74.25
2024-06-20,2024-06-20,59.25
2024-06-21,2024-06-27,-60.75
2024-06-24,2024-06-27,74.25
2024-06-25,2024-06-27,-60.75
2024-06-26,2024-06-27,213.0
2024-06-27,2024-06-27,48.0
2024-06-28,2024-07-04,408.0
2024-07-01,2024-07-04,306.75
2024-07-02,2024-07-04,96.75000000000006
2024-07-03,2024-07-04,123.0
2024-07-04,2024-07-04,36.75
2024-07-05,2024-07-11,250.5
2024-07-08,2024-07-11,78.0
2024-07-09,2024-07-11,40.5
2024-07-10,2024-07-11,115.5
2024-07-11,2024-07-11,21.75
2024-07-12,2024-07-18,40.5
2024-07-15,2024-07-18,89.25
2024-07-16,2024-07-18,115.5
2024-07-18,2024-07-18,25.5
2024-07-19,2024-07-25,-1534.1550000000007
2024-07-22,2024-07-25,-235.8675000000003
2024-07-23,2024-07-25,4240.6725
2024-07-24,2024-07-25,224.25000000000006
2024-07-25,2024-07-25,70.5
2024-07-26,2024-08-01,-555.75
2024-07-29,2024-08-01,55.5
2024-07-30,2024-08-01,81.75
2024-07-31,2024-08-01,74.25
2024-08-01,2024-08-01,48.0
2024-08-02,2024-08-08,-323.25
2024-08-05,2024-08-08,-4061.8575
2024-08-06,2024-08-08,-1886.5949999999998
2024-08-07,2024-08-08,426.75
2024-08-08,2024-08-08,74.25
2024-08-09,2024-08-14,378.0
2024-08-12,2024-08-14,651.75
2024-08-13,2024-08-14,-154.5
2024-08-14,2024-08-14,66.75
2024-08-16,2024-08-22,141.75
2024-08-19,2024-08-22,201.75
2024-08-20,2024-08-22,33.0
2024-08-21,2024-08-22,74.25
2024-08-22,2024-08-22,29.25
2024-08-23,2024-08-29,63.0
2024-08-26,2024-08-29,10.5
2024-08-27,2024-08-29,100.5
2024-08-28,2024-08-29,74.25
2024-08-29,2024-08-29,18.0
2024-08-30,2024-09-05,149.25
2024-09-02,2024-09-05,156.75
2024-09-03,2024-09-05,85.5
2024-09-04,2024-09-05,111.75
2024-09-05,2024-09-05,25.5
2024-09-06,2024-09-12,-1519.5
2024-09-09,2024-09-12,498.0
2024-09-10,2024-09-12,44.25
2024-09-11,2024-09-12,40.5
2024-09-12,2024-09-12,29.249999999999993
2024-09-13,2024-09-19,280.5000000000002
2024-09-16,2024-09-19,123.0
2024-09-17,2024-09-19,10.499999999999886
2024-09-18,2024-09-19,-177.0
2024-09-19,2024-09-19,74.25
2024-09-20,2024-09-26,21.75
2024-09-23,2024-09-26,610.5
2024-09-24,2024-09-26,261.75
2024-09-25,2024-09-26,130.5
2024-09-26,2024-09-26,51.75
2024-09-27,2024-10-03,-12.0
2024-09-30,2024-10-03,-357.0
2024-10-01,2024-10-03,276.75
2024-10-03,2024-10-03,115.5
2024-10-04,2024-10-10,427.18875000000025
2024-10-07,2024-10-10,-1195.9987500000002
2024-10-08,2024-10-10,1412.83875
2024-10-09,2024-10-10,584.25
2024-10-10,2024-10-10,48.0
2024-10-11,2024-10-17,573.0
2024-10-14,2024-10-17,231.75
2024-10-15,2024-10-17,-0.75
2024-10-16,2024-10-17,36.75
2024-10-17,2024-10-17,40.5
2024-10-18,2024-10-24,1308.0
2024-10-21,2024-10-24,-282.0
2024-10-22,2024-10-24,-829.5
2024-10-23,2024-10-24,299.25
2024-10-24,2024-10-24,40.5
2024-10-25,2024-10-31,-510.7500000000002
2024-10-28,2024-10-31,336.75
2024-10-29,2024-10-31,66.75
2024-10-30,2024-10-31,183.0
